address,entity_type,typical_volume,reputation_score
1BTC00000z,NORMAL_USER,1.0,90
1BTC00001a,NORMAL_USER,1.0,90
1BTC00002a,NORMAL_USER,1.0,90
1BTC00003z,NORMAL_USER,1.0,90
1BTC00004c,NORMAL_USER,1.0,90
1BTC00005b,NORMAL_USER,1.0,90
1BTC00006b,NORMAL_USER,1.0,90
1BTC00007b,NORMAL_USER,1.0,90
1BTC00008z,NORMAL_USER,1.0,90
1BTC00009a,NORMAL_USER,1.0,90
1BTC00010z,NORMAL_USER,1.0,90
1BTC00011z,NORMAL_USER,1.0,90
1BTC00012y,NORMAL_USER,1.0,90
1BTC00013a,NORMAL_USER,1.0,90
1BTC00014y,NORMAL_USER,1.0,90
1BTC00015x,NORMAL_USER,1.0,90
1BTC00016a,NORMAL_USER,1.0,90
1BTC00017a,NORMAL_USER,1.0,90
1BTC00018a,NORMAL_USER,1.0,90
1BTC00019b,NORMAL_USER,1.0,90
1BTC00020b,NORMAL_USER,1.0,90
1BTC00021y,NORMAL_USER,1.0,90
1BTC00022y,NORMAL_USER,1.0,90
1BTC00023a,NORMAL_USER,1.0,90
1BTC00024y,NORMAL_USER,1.0,90
1BTC00025b,NORMAL_USER,1.0,90
1BTC00026z,NORMAL_USER,1.0,90
1BTC00027z,NORMAL_USER,1.0,90
1BTC00028z,NORMAL_USER,1.0,90
1BTC00029y,NORMAL_USER,1.0,90
1BTC00030x,NORMAL_USER,1.0,90
1BTC00031b,NORMAL_USER,1.0,90
1BTC00032x,NORMAL_USER,1.0,90
1BTC00033y,NORMAL_USER,1.0,90
1BTC00034c,NORMAL_USER,1.0,90
1BTC00035a,NORMAL_USER,1.0,90
1BTC00036b,NORMAL_USER,1.0,90
1BTC00037z,NORMAL_USER,1.0,90
1BTC00038x,NORMAL_USER,1.0,90
1BTC00039c,NORMAL_USER,1.0,90
1BTC00040c,NORMAL_USER,1.0,90
1BTC00041b,NORMAL_USER,1.0,90
1BTC00042b,NORMAL_USER,1.0,90
1BTC00043c,NORMAL_USER,1.0,90
1BTC00044a,NORMAL_USER,1.0,90
1BTC00045a,NORMAL_USER,1.0,90
1BTC00046x,NORMAL_USER,1.0,90
1BTC00047a,NORMAL_USER,1.0,90
1BTC00048c,NORMAL_USER,1.0,90
1BTC00049c,NORMAL_USER,1.0,90
1BTC00050y,NORMAL_USER,1.0,90
1BTC00051c,NORMAL_USER,1.0,90
1BTC00052a,NORMAL_USER,1.0,90
1BTC00053z,NORMAL_USER,1.0,90
1BTC00054x,NORMAL_USER,1.0,90
1BTC00055y,NORMAL_USER,1.0,90
1BTC00056a,NORMAL_USER,1.0,90
1BTC00057x,NORMAL_USER,1.0,90
1BTC00058a,NORMAL_USER,1.0,90
1BTC00059y,NORMAL_USER,1.0,90
1BTC00060c,NORMAL_USER,1.0,90
1BTC00061z,NORMAL_USER,1.0,90
1BTC00062y,NORMAL_USER,1.0,90
1BTC00063c,NORMAL_USER,1.0,90
1BTC00064y,NORMAL_USER,1.0,90
1BTC00065b,NORMAL_USER,1.0,90
1BTC00066z,NORMAL_USER,1.0,90
1BTC00067a,NORMAL_USER,1.0,90
1BTC00068a,NORMAL_USER,1.0,90
1BTC00069z,NORMAL_USER,1.0,90
1BTC00070b,NORMAL_USER,1.0,90
1BTC00071c,NORMAL_USER,1.0,90
1BTC00072a,NORMAL_USER,1.0,90
1BTC00073b,NORMAL_USER,1.0,90
1BTC00074a,NORMAL_USER,1.0,90
1BTC00075x,NORMAL_USER,1.0,90
1BTC00076c,NORMAL_USER,1.0,90
1BTC00077x,NORMAL_USER,1.0,90
1BTC00078z,NORMAL_USER,1.0,90
1BTC00079c,NORMAL_USER,1.0,90
1BTC00080b,NORMAL_USER,1.0,90
1BTC00081c,NORMAL_USER,1.0,90
1BTC00082c,NORMAL_USER,1.0,90
1BTC00083b,NORMAL_USER,1.0,90
1BTC00084z,NORMAL_USER,1.0,90
1BTC00085c,NORMAL_USER,1.0,90
1BTC00086z,NORMAL_USER,1.0,90
1BTC00087z,NORMAL_USER,1.0,90
1BTC00088z,NORMAL_USER,1.0,90
1BTC00089a,NORMAL_USER,1.0,90
1BTC00090y,NORMAL_USER,1.0,90
1BTC00091z,NORMAL_USER,1.0,90
1BTC00092b,NORMAL_USER,1.0,90
1BTC00093y,NORMAL_USER,1.0,90
1BTC00094z,NORMAL_USER,1.0,90
1BTC00095b,NORMAL_USER,1.0,90
1BTC00096b,NORMAL_USER,1.0,90
1BTC00097x,NORMAL_USER,1.0,90
1BTC00098x,NORMAL_USER,1.0,90
1BTC00099c,NORMAL_USER,1.0,90
1BTC00100z,NORMAL_USER,1.0,90
1BTC00101z,NORMAL_USER,1.0,90
1BTC00102y,NORMAL_USER,1.0,90
1BTC00103b,NORMAL_USER,1.0,90
1BTC00104z,NORMAL_USER,1.0,90
1BTC00105c,NORMAL_USER,1.0,90
1BTC00106a,NORMAL_USER,1.0,90
1BTC00107b,NORMAL_USER,1.0,90
1BTC00108a,NORMAL_USER,1.0,90
1BTC00109c,NORMAL_USER,1.0,90
1BTC00110x,NORMAL_USER,1.0,90
1BTC00111c,NORMAL_USER,1.0,90
1BTC00112a,NORMAL_USER,1.0,90
1BTC00113b,NORMAL_USER,1.0,90
1BTC00114y,NORMAL_USER,1.0,90
1BTC00115z,NORMAL_USER,1.0,90
1BTC00116c,NORMAL_USER,1.0,90
1BTC00117b,NORMAL_USER,1.0,90
1BTC00118z,NORMAL_USER,1.0,90
1BTC00119x,NORMAL_USER,1.0,90
1BTC00120x,NORMAL_USER,1.0,90
1BTC00121z,NORMAL_USER,1.0,90
1BTC00122x,NORMAL_USER,1.0,90
1BTC00123b,NORMAL_USER,1.0,90
1BTC00124c,NORMAL_USER,1.0,90
1BTC00125b,NORMAL_USER,1.0,90
1BTC00126b,NORMAL_USER,1.0,90
1BTC00127z,NORMAL_USER,1.0,90
1BTC00128y,NORMAL_USER,1.0,90
1BTC00129y,NORMAL_USER,1.0,90
1BTC00130c,NORMAL_USER,1.0,90
1BTC00131z,NORMAL_USER,1.0,90
1BTC00132y,NORMAL_USER,1.0,90
1BTC00133x,NORMAL_USER,1.0,90
1BTC00134y,NORMAL_USER,1.0,90
1BTC00135x,NORMAL_USER,1.0,90
1BTC00136c,NORMAL_USER,1.0,90
1BTC00137b,NORMAL_USER,1.0,90
1BTC00138b,NORMAL_USER,1.0,90
1BTC00139y,NORMAL_USER,1.0,90
1BTC00140x,NORMAL_USER,1.0,90
1BTC00141a,NORMAL_USER,1.0,90
1BTC00142a,NORMAL_USER,1.0,90
1BTC00143a,NORMAL_USER,1.0,90
1BTC00144b,NORMAL_USER,1.0,90
1BTC00145z,NORMAL_USER,1.0,90
1BTC00146b,NORMAL_USER,1.0,90
1BTC00147z,NORMAL_USER,1.0,90
1BTC00148x,NORMAL_USER,1.0,90
1BTC00149y,NORMAL_USER,1.0,90
1BTC00150a,NORMAL_USER,1.0,90
1BTC00151x,NORMAL_USER,1.0,90
1BTC00152x,NORMAL_USER,1.0,90
1BTC00153y,NORMAL_USER,1.0,90
1BTC00154x,NORMAL_USER,1.0,90
1BTC00155y,NORMAL_USER,1.0,90
1BTC00156c,NORMAL_USER,1.0,90
1BTC00157y,NORMAL_USER,1.0,90
1BTC00158a,NORMAL_USER,1.0,90
1BTC00159z,NORMAL_USER,1.0,90
1BTC00160z,NORMAL_USER,1.0,90
1BTC00161a,NORMAL_USER,1.0,90
1BTC00162z,NORMAL_USER,1.0,90
1BTC00163y,NORMAL_USER,1.0,90
1BTC00164c,NORMAL_USER,1.0,90
1BTC00165z,NORMAL_USER,1.0,90
1BTC00166c,NORMAL_USER,1.0,90
1BTC00167a,NORMAL_USER,1.0,90
1BTC00168c,NORMAL_USER,1.0,90
1BTC00169x,NORMAL_USER,1.0,90
1BTC00170b,NORMAL_USER,1.0,90
1BTC00171x,NORMAL_USER,1.0,90
1BTC00172a,NORMAL_USER,1.0,90
1BTC00173z,NORMAL_USER,1.0,90
1BTC00174z,NORMAL_USER,1.0,90
1BTC00175c,NORMAL_USER,1.0,90
1BTC00176y,NORMAL_USER,1.0,90
1BTC00177b,NORMAL_USER,1.0,90
1BTC00178y,NORMAL_USER,1.0,90
1BTC00179a,NORMAL_USER,1.0,90
1BTC00180z,NORMAL_USER,1.0,90
1BTC00181c,NORMAL_USER,1.0,90
1BTC00182z,NORMAL_USER,1.0,90
1BTC00183y,NORMAL_USER,1.0,90
1BTC00184y,NORMAL_USER,1.0,90
1BTC00185b,NORMAL_USER,1.0,90
1BTC00186b,NORMAL_USER,1.0,90
1BTC00187c,NORMAL_USER,1.0,90
1BTC00188b,NORMAL_USER,1.0,90
1BTC00189y,NORMAL_USER,1.0,90
1BTC00190y,NORMAL_USER,1.0,90
1BTC00191a,NORMAL_USER,1.0,90
1BTC00192y,NORMAL_USER,1.0,90
1BTC00193c,NORMAL_USER,1.0,90
1BTC00194x,NORMAL_USER,1.0,90
1BTC00195a,NORMAL_USER,1.0,90
1BTC00196a,NORMAL_USER,1.0,90
1BTC00197c,NORMAL_USER,1.0,90
1BTC00198c,NORMAL_USER,1.0,90
1BTC00199b,NORMAL_USER,1.0,90
1BTC00200a,NORMAL_USER,1.0,90
1BTC00201b,NORMAL_USER,1.0,90
1BTC00202y,NORMAL_USER,1.0,90
1BTC00203a,NORMAL_USER,1.0,90
1BTC00204a,NORMAL_USER,1.0,90
1BTC00205z,NORMAL_USER,1.0,90
1BTC00206x,NORMAL_USER,1.0,90
1BTC00207a,NORMAL_USER,1.0,90
1BTC00208y,NORMAL_USER,1.0,90
1BTC00209b,NORMAL_USER,1.0,90
1BTC00210b,NORMAL_USER,1.0,90
1BTC00211z,NORMAL_USER,1.0,90
1BTC00212x,NORMAL_USER,1.0,90
1BTC00213y,NORMAL_USER,1.0,90
1BTC00214b,NORMAL_USER,1.0,90
1BTC00215c,NORMAL_USER,1.0,90
1BTC00216y,NORMAL_USER,1.0,90
1BTC00217y,NORMAL_USER,1.0,90
1BTC00218x,NORMAL_USER,1.0,90
1BTC00219b,NORMAL_USER,1.0,90
1BTC00220y,NORMAL_USER,1.0,90
1BTC00221z,NORMAL_USER,1.0,90
1BTC00222z,NORMAL_USER,1.0,90
1BTC00223b,NORMAL_USER,1.0,90
1BTC00224z,NORMAL_USER,1.0,90
1BTC00225c,NORMAL_USER,1.0,90
1BTC00226x,NORMAL_USER,1.0,90
1BTC00227z,NORMAL_USER,1.0,90
1BTC00228z,NORMAL_USER,1.0,90
1BTC00229c,NORMAL_USER,1.0,90
1BTC00230x,NORMAL_USER,1.0,90
1BTC00231y,NORMAL_USER,1.0,90
1BTC00232x,NORMAL_USER,1.0,90
1BTC00233a,NORMAL_USER,1.0,90
1BTC00234b,NORMAL_USER,1.0,90
1BTC00235b,NORMAL_USER,1.0,90
1BTC00236a,NORMAL_USER,1.0,90
1BTC00237c,NORMAL_USER,1.0,90
1BTC00238a,NORMAL_USER,1.0,90
1BTC00239y,NORMAL_USER,1.0,90
1BTC00240y,NORMAL_USER,1.0,90
1BTC00241b,NORMAL_USER,1.0,90
1BTC00242y,NORMAL_USER,1.0,90
1BTC00243b,NORMAL_USER,1.0,90
1BTC00244a,NORMAL_USER,1.0,90
1BTC00245a,NORMAL_USER,1.0,90
1BTC00246z,NORMAL_USER,1.0,90
1BTC00247z,NORMAL_USER,1.0,90
1BTC00248a,NORMAL_USER,1.0,90
1BTC00249b,NORMAL_USER,1.0,90
1BTC00250a,NORMAL_USER,1.0,90
1BTC00251a,NORMAL_USER,1.0,90
1BTC00252c,NORMAL_USER,1.0,90
1BTC00253a,NORMAL_USER,1.0,90
1BTC00254y,NORMAL_USER,1.0,90
1BTC00255b,NORMAL_USER,1.0,90
1BTC00256c,NORMAL_USER,1.0,90
1BTC00257z,NORMAL_USER,1.0,90
1BTC00258x,NORMAL_USER,1.0,90
1BTC00259b,NORMAL_USER,1.0,90
1BTC00260y,NORMAL_USER,1.0,90
1BTC00261b,NORMAL_USER,1.0,90
1BTC00262z,NORMAL_USER,1.0,90
1BTC00263y,NORMAL_USER,1.0,90
1BTC00264y,NORMAL_USER,1.0,90
1BTC00265x,NORMAL_USER,1.0,90
1BTC00266b,NORMAL_USER,1.0,90
1BTC00267x,NORMAL_USER,1.0,90
1BTC00268x,NORMAL_USER,1.0,90
1BTC00269b,NORMAL_USER,1.0,90
1BTC00270a,NORMAL_USER,1.0,90
1BTC00271a,NORMAL_USER,1.0,90
1BTC00272z,NORMAL_USER,1.0,90
1BTC00273x,NORMAL_USER,1.0,90
1BTC00274c,NORMAL_USER,1.0,90
1BTC00275x,NORMAL_USER,1.0,90
1BTC00276x,NORMAL_USER,1.0,90
1BTC00277x,NORMAL_USER,1.0,90
1BTC00278z,NORMAL_USER,1.0,90
1BTC00279a,NORMAL_USER,1.0,90
1BTC00280z,NORMAL_USER,1.0,90
1BTC00281z,NORMAL_USER,1.0,90
1BTC00282z,NORMAL_USER,1.0,90
1BTC00283a,NORMAL_USER,1.0,90
1BTC00284a,NORMAL_USER,1.0,90
1BTC00285x,NORMAL_USER,1.0,90
1BTC00286z,NORMAL_USER,1.0,90
1BTC00287c,NORMAL_USER,1.0,90
1BTC00288a,NORMAL_USER,1.0,90
1BTC00289b,NORMAL_USER,1.0,90
1BTC00290b,NORMAL_USER,1.0,90
1BTC00291b,NORMAL_USER,1.0,90
1BTC00292y,NORMAL_USER,1.0,90
1BTC00293x,NORMAL_USER,1.0,90
1BTC00294b,NORMAL_USER,1.0,90
1BTC00295x,NORMAL_USER,1.0,90
1BTC00296b,NORMAL_USER,1.0,90
1BTC00297c,NORMAL_USER,1.0,90
1BTC00298x,NORMAL_USER,1.0,90
1BTC00299b,NORMAL_USER,1.0,90
1BTC00300a,NORMAL_USER,1.0,90
1BTC00301x,NORMAL_USER,1.0,90
1BTC00302y,NORMAL_USER,1.0,90
1BTC00303a,NORMAL_USER,1.0,90
1BTC00304a,NORMAL_USER,1.0,90
1BTC00305z,NORMAL_USER,1.0,90
1BTC00306y,NORMAL_USER,1.0,90
1BTC00307a,NORMAL_USER,1.0,90
1BTC00308a,NORMAL_USER,1.0,90
1BTC00309b,NORMAL_USER,1.0,90
1BTC00310b,NORMAL_USER,1.0,90
1BTC00311x,NORMAL_USER,1.0,90
1BTC00312x,NORMAL_USER,1.0,90
1BTC00313x,NORMAL_USER,1.0,90
1BTC00314b,NORMAL_USER,1.0,90
1BTC00315x,NORMAL_USER,1.0,90
1BTC00316a,NORMAL_USER,1.0,90
1BTC00317b,NORMAL_USER,1.0,90
1BTC00318x,NORMAL_USER,1.0,90
1BTC00319a,NORMAL_USER,1.0,90
1BTC00320x,NORMAL_USER,1.0,90
1BTC00321c,NORMAL_USER,1.0,90
1BTC00322x,NORMAL_USER,1.0,90
1BTC00323c,NORMAL_USER,1.0,90
1BTC00324x,NORMAL_USER,1.0,90
1BTC00325z,NORMAL_USER,1.0,90
1BTC00326z,NORMAL_USER,1.0,90
1BTC00327y,NORMAL_USER,1.0,90
1BTC00328z,NORMAL_USER,1.0,90
1BTC00329z,NORMAL_USER,1.0,90
1BTC00330x,NORMAL_USER,1.0,90
1BTC00331b,NORMAL_USER,1.0,90
1BTC00332b,NORMAL_USER,1.0,90
1BTC00333c,NORMAL_USER,1.0,90
1BTC00334b,NORMAL_USER,1.0,90
1BTC00335a,NORMAL_USER,1.0,90
1BTC00336y,NORMAL_USER,1.0,90
1BTC00337z,NORMAL_USER,1.0,90
1BTC00338y,NORMAL_USER,1.0,90
1BTC00339a,NORMAL_USER,1.0,90
1BTC00340z,NORMAL_USER,1.0,90
1BTC00341c,NORMAL_USER,1.0,90
1BTC00342a,NORMAL_USER,1.0,90
1BTC00343a,NORMAL_USER,1.0,90
1BTC00344y,NORMAL_USER,1.0,90
1BTC00345x,NORMAL_USER,1.0,90
1BTC00346y,NORMAL_USER,1.0,90
1BTC00347y,NORMAL_USER,1.0,90
1BTC00348b,NORMAL_USER,1.0,90
1BTC00349a,NORMAL_USER,1.0,90
1BTC00350y,NORMAL_USER,1.0,90
1BTC00351a,NORMAL_USER,1.0,90
1BTC00352b,NORMAL_USER,1.0,90
1BTC00353a,NORMAL_USER,1.0,90
1BTC00354y,NORMAL_USER,1.0,90
1BTC00355a,NORMAL_USER,1.0,90
1BTC00356z,NORMAL_USER,1.0,90
1BTC00357b,NORMAL_USER,1.0,90
1BTC00358x,NORMAL_USER,1.0,90
1BTC00359a,NORMAL_USER,1.0,90
1BTC00360y,NORMAL_USER,1.0,90
1BTC00361b,NORMAL_USER,1.0,90
1BTC00362y,NORMAL_USER,1.0,90
1BTC00363y,NORMAL_USER,1.0,90
1BTC00364a,NORMAL_USER,1.0,90
1BTC00365y,NORMAL_USER,1.0,90
1BTC00366a,NORMAL_USER,1.0,90
1BTC00367x,NORMAL_USER,1.0,90
1BTC00368z,NORMAL_USER,1.0,90
1BTC00369y,NORMAL_USER,1.0,90
1BTC00370y,NORMAL_USER,1.0,90
1BTC00371y,NORMAL_USER,1.0,90
1BTC00372c,NORMAL_USER,1.0,90
1BTC00373c,NORMAL_USER,1.0,90
1BTC00374b,NORMAL_USER,1.0,90
1BTC00375z,NORMAL_USER,1.0,90
1BTC00376z,NORMAL_USER,1.0,90
1BTC00377c,NORMAL_USER,1.0,90
1BTC00378b,NORMAL_USER,1.0,90
1BTC00379c,NORMAL_USER,1.0,90
1BTC00380x,NORMAL_USER,1.0,90
1BTC00381b,NORMAL_USER,1.0,90
1BTC00382z,NORMAL_USER,1.0,90
1BTC00383z,NORMAL_USER,1.0,90
1BTC00384c,NORMAL_USER,1.0,90
1BTC00385x,NORMAL_USER,1.0,90
1BTC00386c,NORMAL_USER,1.0,90
1BTC00387a,NORMAL_USER,1.0,90
1BTC00388a,NORMAL_USER,1.0,90
1BTC00389x,NORMAL_USER,1.0,90
1BTC00390y,NORMAL_USER,1.0,90
1BTC00391y,NORMAL_USER,1.0,90
1BTC00392a,NORMAL_USER,1.0,90
1BTC00393a,NORMAL_USER,1.0,90
1BTC00394y,NORMAL_USER,1.0,90
1BTC00395b,NORMAL_USER,1.0,90
1BTC00396y,NORMAL_USER,1.0,90
1BTC00397c,NORMAL_USER,1.0,90
1BTC00398b,NORMAL_USER,1.0,90
1BTC00399c,NORMAL_USER,1.0,90
1BTC00400a,NORMAL_USER,1.0,90
1BTC00401b,NORMAL_USER,1.0,90
1BTC00402c,NORMAL_USER,1.0,90
1BTC00403c,NORMAL_USER,1.0,90
1BTC00404b,NORMAL_USER,1.0,90
1BTC00405x,NORMAL_USER,1.0,90
1BTC00406y,NORMAL_USER,1.0,90
1BTC00407z,NORMAL_USER,1.0,90
1BTC00408c,NORMAL_USER,1.0,90
1BTC00409y,NORMAL_USER,1.0,90
1BTC00410z,NORMAL_USER,1.0,90
1BTC00411y,NORMAL_USER,1.0,90
1BTC00412a,NORMAL_USER,1.0,90
1BTC00413z,NORMAL_USER,1.0,90
1BTC00414y,NORMAL_USER,1.0,90
1BTC00415c,NORMAL_USER,1.0,90
1BTC00416z,NORMAL_USER,1.0,90
1BTC00417a,NORMAL_USER,1.0,90
1BTC00418b,NORMAL_USER,1.0,90
1BTC00419c,NORMAL_USER,1.0,90
1BTC00420a,NORMAL_USER,1.0,90
1BTC00421a,NORMAL_USER,1.0,90
1BTC00422z,NORMAL_USER,1.0,90
1BTC00423y,NORMAL_USER,1.0,90
1BTC00424b,NORMAL_USER,1.0,90
1BTC00425c,NORMAL_USER,1.0,90
1BTC00426c,NORMAL_USER,1.0,90
1BTC00427y,NORMAL_USER,1.0,90
1BTC00428b,NORMAL_USER,1.0,90
1BTC00429z,NORMAL_USER,1.0,90
1BTC00430c,NORMAL_USER,1.0,90
1BTC00431b,NORMAL_USER,1.0,90
1BTC00432z,NORMAL_USER,1.0,90
1BTC00433z,NORMAL_USER,1.0,90
1BTC00434c,NORMAL_USER,1.0,90
1BTC00435y,NORMAL_USER,1.0,90
1BTC00436x,NORMAL_USER,1.0,90
1BTC00437c,NORMAL_USER,1.0,90
1BTC00438a,NORMAL_USER,1.0,90
1BTC00439a,NORMAL_USER,1.0,90
1BTC00440z,NORMAL_USER,1.0,90
1BTC00441x,NORMAL_USER,1.0,90
1BTC00442c,NORMAL_USER,1.0,90
1BTC00443a,NORMAL_USER,1.0,90
1BTC00444a,NORMAL_USER,1.0,90
1BTC00445c,NORMAL_USER,1.0,90
1BTC00446b,NORMAL_USER,1.0,90
1BTC00447z,NORMAL_USER,1.0,90
1BTC00448c,NORMAL_USER,1.0,90
1BTC00449b,NORMAL_USER,1.0,90
1BTC00450z,NORMAL_USER,1.0,90
1BTC00451x,NORMAL_USER,1.0,90
1BTC00452y,NORMAL_USER,1.0,90
1BTC00453z,NORMAL_USER,1.0,90
1BTC00454x,NORMAL_USER,1.0,90
1BTC00455y,NORMAL_USER,1.0,90
1BTC00456a,NORMAL_USER,1.0,90
1BTC00457a,NORMAL_USER,1.0,90
1BTC00458a,NORMAL_USER,1.0,90
1BTC00459z,NORMAL_USER,1.0,90
1BTC00460b,NORMAL_USER,1.0,90
1BTC00461y,NORMAL_USER,1.0,90
1BTC00462a,NORMAL_USER,1.0,90
1BTC00463c,NORMAL_USER,1.0,90
1BTC00464y,NORMAL_USER,1.0,90
1BTC00465y,NORMAL_USER,1.0,90
1BTC00466b,NORMAL_USER,1.0,90
1BTC00467x,NORMAL_USER,1.0,90
1BTC00468b,NORMAL_USER,1.0,90
1BTC00469a,NORMAL_USER,1.0,90
1BTC00470c,NORMAL_USER,1.0,90
1BTC00471c,NORMAL_USER,1.0,90
1BTC00472a,NORMAL_USER,1.0,90
1BTC00473c,NORMAL_USER,1.0,90
1BTC00474b,NORMAL_USER,1.0,90
1BTC00475z,NORMAL_USER,1.0,90
1BTC00476b,NORMAL_USER,1.0,90
1BTC00477z,NORMAL_USER,1.0,90
1BTC00478a,NORMAL_USER,1.0,90
1BTC00479c,NORMAL_USER,1.0,90
1BTC00480y,NORMAL_USER,1.0,90
1BTC00481x,NORMAL_USER,1.0,90
1BTC00482y,NORMAL_USER,1.0,90
1BTC00483z,NORMAL_USER,1.0,90
1BTC00484b,NORMAL_USER,1.0,90
1BTC00485b,NORMAL_USER,1.0,90
1BTC00486b,NORMAL_USER,1.0,90
1BTC00487b,NORMAL_USER,1.0,90
1BTC00488x,NORMAL_USER,1.0,90
1BTC00489a,NORMAL_USER,1.0,90
1BTC00490b,NORMAL_USER,1.0,90
1BTC00491z,NORMAL_USER,1.0,90
1BTC00492c,NORMAL_USER,1.0,90
1BTC00493x,NORMAL_USER,1.0,90
1BTC00494z,NORMAL_USER,1.0,90
1BTC00495z,NORMAL_USER,1.0,90
1BTC00496b,NORMAL_USER,1.0,90
1BTC00497c,NORMAL_USER,1.0,90
1BTC00498b,NORMAL_USER,1.0,90
1BTC00499z,NORMAL_USER,1.0,90
1BTC00500a,NORMAL_USER,1.0,90
1BTC00501x,NORMAL_USER,1.0,90
1BTC00502a,NORMAL_USER,1.0,90
1BTC00503x,NORMAL_USER,1.0,90
1BTC00504b,NORMAL_USER,1.0,90
1BTC00505b,NORMAL_USER,1.0,90
1BTC00506x,NORMAL_USER,1.0,90
1BTC00507c,NORMAL_USER,1.0,90
1BTC00508c,NORMAL_USER,1.0,90
1BTC00509b,NORMAL_USER,1.0,90
1BTC00510b,NORMAL_USER,1.0,90
1BTC00511a,NORMAL_USER,1.0,90
1BTC00512z,NORMAL_USER,1.0,90
1BTC00513b,NORMAL_USER,1.0,90
1BTC00514x,NORMAL_USER,1.0,90
1BTC00515c,NORMAL_USER,1.0,90
1BTC00516c,NORMAL_USER,1.0,90
1BTC00517a,NORMAL_USER,1.0,90
1BTC00518c,NORMAL_USER,1.0,90
1BTC00519c,NORMAL_USER,1.0,90
1BTC00520z,NORMAL_USER,1.0,90
1BTC00521y,NORMAL_USER,1.0,90
1BTC00522x,NORMAL_USER,1.0,90
1BTC00523z,NORMAL_USER,1.0,90
1BTC00524y,NORMAL_USER,1.0,90
1BTC00525c,NORMAL_USER,1.0,90
1BTC00526a,NORMAL_USER,1.0,90
1BTC00527a,NORMAL_USER,1.0,90
1BTC00528c,NORMAL_USER,1.0,90
1BTC00529b,NORMAL_USER,1.0,90
1BTC00530y,NORMAL_USER,1.0,90
1BTC00531c,NORMAL_USER,1.0,90
1BTC00532a,NORMAL_USER,1.0,90
1BTC00533a,NORMAL_USER,1.0,90
1BTC00534y,NORMAL_USER,1.0,90
1BTC00535x,NORMAL_USER,1.0,90
1BTC00536c,NORMAL_USER,1.0,90
1BTC00537z,NORMAL_USER,1.0,90
1BTC00538c,NORMAL_USER,1.0,90
1BTC00539x,NORMAL_USER,1.0,90
1BTC00540y,NORMAL_USER,1.0,90
1BTC00541y,NORMAL_USER,1.0,90
1BTC00542a,NORMAL_USER,1.0,90
1BTC00543x,NORMAL_USER,1.0,90
1BTC00544y,NORMAL_USER,1.0,90
1BTC00545b,NORMAL_USER,1.0,90
1BTC00546c,NORMAL_USER,1.0,90
1BTC00547a,NORMAL_USER,1.0,90
1BTC00548z,NORMAL_USER,1.0,90
1BTC00549x,NORMAL_USER,1.0,90
1BTC00550a,NORMAL_USER,1.0,90
1BTC00551y,NORMAL_USER,1.0,90
1BTC00552y,NORMAL_USER,1.0,90
1BTC00553z,NORMAL_USER,1.0,90
1BTC00554z,NORMAL_USER,1.0,90
1BTC00555z,NORMAL_USER,1.0,90
1BTC00556z,NORMAL_USER,1.0,90
1BTC00557z,NORMAL_USER,1.0,90
1BTC00558b,NORMAL_USER,1.0,90
1BTC00559c,NORMAL_USER,1.0,90
1BTC00560x,NORMAL_USER,1.0,90
1BTC00561a,NORMAL_USER,1.0,90
1BTC00562z,NORMAL_USER,1.0,90
1BTC00563c,NORMAL_USER,1.0,90
1BTC00564y,NORMAL_USER,1.0,90
1BTC00565c,NORMAL_USER,1.0,90
1BTC00566z,NORMAL_USER,1.0,90
1BTC00567a,NORMAL_USER,1.0,90
1BTC00568z,NORMAL_USER,1.0,90
1BTC00569c,NORMAL_USER,1.0,90
1BTC00570y,NORMAL_USER,1.0,90
1BTC00571c,NORMAL_USER,1.0,90
1BTC00572z,NORMAL_USER,1.0,90
1BTC00573x,NORMAL_USER,1.0,90
1BTC00574c,NORMAL_USER,1.0,90
1BTC00575x,NORMAL_USER,1.0,90
1BTC00576z,NORMAL_USER,1.0,90
1BTC00577c,NORMAL_USER,1.0,90
1BTC00578y,NORMAL_USER,1.0,90
1BTC00579b,NORMAL_USER,1.0,90
1BTC00580b,NORMAL_USER,1.0,90
1BTC00581x,NORMAL_USER,1.0,90
1BTC00582z,NORMAL_USER,1.0,90
1BTC00583x,NORMAL_USER,1.0,90
1BTC00584z,NORMAL_USER,1.0,90
1BTC00585z,NORMAL_USER,1.0,90
1BTC00586b,NORMAL_USER,1.0,90
1BTC00587y,NORMAL_USER,1.0,90
1BTC00588y,NORMAL_USER,1.0,90
1BTC00589c,NORMAL_USER,1.0,90
1BTC00590x,NORMAL_USER,1.0,90
1BTC00591y,NORMAL_USER,1.0,90
1BTC00592a,NORMAL_USER,1.0,90
1BTC00593c,NORMAL_USER,1.0,90
1BTC00594c,NORMAL_USER,1.0,90
1BTC00595b,NORMAL_USER,1.0,90
1BTC00596x,NORMAL_USER,1.0,90
1BTC00597y,NORMAL_USER,1.0,90
1BTC00598y,NORMAL_USER,1.0,90
1BTC00599z,NORMAL_USER,1.0,90
1BTC00600c,NORMAL_USER,1.0,90
1BTC00601x,NORMAL_USER,1.0,90
1BTC00602x,NORMAL_USER,1.0,90
1BTC00603x,NORMAL_USER,1.0,90
1BTC00604z,NORMAL_USER,1.0,90
1BTC00605b,NORMAL_USER,1.0,90
1BTC00606y,NORMAL_USER,1.0,90
1BTC00607x,NORMAL_USER,1.0,90
1BTC00608z,NORMAL_USER,1.0,90
1BTC00609b,NORMAL_USER,1.0,90
1BTC00610z,NORMAL_USER,1.0,90
1BTC00611a,NORMAL_USER,1.0,90
1BTC00612c,NORMAL_USER,1.0,90
1BTC00613y,NORMAL_USER,1.0,90
1BTC00614z,NORMAL_USER,1.0,90
1BTC00615z,NORMAL_USER,1.0,90
1BTC00616y,NORMAL_USER,1.0,90
1BTC00617c,NORMAL_USER,1.0,90
1BTC00618a,NORMAL_USER,1.0,90
1BTC00619b,NORMAL_USER,1.0,90
1BTC00620z,NORMAL_USER,1.0,90
1BTC00621c,NORMAL_USER,1.0,90
1BTC00622b,NORMAL_USER,1.0,90
1BTC00623b,NORMAL_USER,1.0,90
1BTC00624b,NORMAL_USER,1.0,90
1BTC00625a,NORMAL_USER,1.0,90
1BTC00626a,NORMAL_USER,1.0,90
1BTC00627b,NORMAL_USER,1.0,90
1BTC00628x,NORMAL_USER,1.0,90
1BTC00629y,NORMAL_USER,1.0,90
1BTC00630a,NORMAL_USER,1.0,90
1BTC00631x,NORMAL_USER,1.0,90
1BTC00632x,NORMAL_USER,1.0,90
1BTC00633z,NORMAL_USER,1.0,90
1BTC00634y,NORMAL_USER,1.0,90
1BTC00635b,NORMAL_USER,1.0,90
1BTC00636z,NORMAL_USER,1.0,90
1BTC00637z,NORMAL_USER,1.0,90
1BTC00638x,NORMAL_USER,1.0,90
1BTC00639x,NORMAL_USER,1.0,90
1BTC00640x,NORMAL_USER,1.0,90
1BTC00641b,NORMAL_USER,1.0,90
1BTC00642b,NORMAL_USER,1.0,90
1BTC00643z,NORMAL_USER,1.0,90
1BTC00644z,NORMAL_USER,1.0,90
1BTC00645a,NORMAL_USER,1.0,90
1BTC00646a,NORMAL_USER,1.0,90
1BTC00647x,NORMAL_USER,1.0,90
1BTC00648b,NORMAL_USER,1.0,90
1BTC00649b,NORMAL_USER,1.0,90
1BTC00650z,NORMAL_USER,1.0,90
1BTC00651y,NORMAL_USER,1.0,90
1BTC00652x,NORMAL_USER,1.0,90
1BTC00653a,NORMAL_USER,1.0,90
1BTC00654y,NORMAL_USER,1.0,90
1BTC00655b,NORMAL_USER,1.0,90
1BTC00656a,NORMAL_USER,1.0,90
1BTC00657x,NORMAL_USER,1.0,90
1BTC00658b,NORMAL_USER,1.0,90
1BTC00659x,NORMAL_USER,1.0,90
1BTC00660z,NORMAL_USER,1.0,90
1BTC00661y,NORMAL_USER,1.0,90
1BTC00662y,NORMAL_USER,1.0,90
1BTC00663y,NORMAL_USER,1.0,90
1BTC00664c,NORMAL_USER,1.0,90
1BTC00665x,NORMAL_USER,1.0,90
1BTC00666y,NORMAL_USER,1.0,90
1BTC00667z,NORMAL_USER,1.0,90
1BTC00668y,NORMAL_USER,1.0,90
1BTC00669x,NORMAL_USER,1.0,90
1BTC00670y,NORMAL_USER,1.0,90
1BTC00671x,NORMAL_USER,1.0,90
1BTC00672b,NORMAL_USER,1.0,90
1BTC00673z,NORMAL_USER,1.0,90
1BTC00674x,NORMAL_USER,1.0,90
1BTC00675x,NORMAL_USER,1.0,90
1BTC00676c,NORMAL_USER,1.0,90
1BTC00677b,NORMAL_USER,1.0,90
1BTC00678z,NORMAL_USER,1.0,90
1BTC00679c,NORMAL_USER,1.0,90
1BTC00680y,NORMAL_USER,1.0,90
1BTC00681x,NORMAL_USER,1.0,90
1BTC00682z,NORMAL_USER,1.0,90
1BTC00683b,NORMAL_USER,1.0,90
1BTC00684c,NORMAL_USER,1.0,90
1BTC00685x,NORMAL_USER,1.0,90
1BTC00686a,NORMAL_USER,1.0,90
1BTC00687z,NORMAL_USER,1.0,90
1BTC00688c,NORMAL_USER,1.0,90
1BTC00689b,NORMAL_USER,1.0,90
1BTC00690c,NORMAL_USER,1.0,90
1BTC00691c,NORMAL_USER,1.0,90
1BTC00692c,NORMAL_USER,1.0,90
1BTC00693y,NORMAL_USER,1.0,90
1BTC00694a,NORMAL_USER,1.0,90
1BTC00695b,NORMAL_USER,1.0,90
1BTC00696b,NORMAL_USER,1.0,90
1BTC00697b,NORMAL_USER,1.0,90
1BTC00698x,NORMAL_USER,1.0,90
1BTC00699z,NORMAL_USER,1.0,90
1BTC00700b,NORMAL_USER,1.0,90
1BTC00701z,NORMAL_USER,1.0,90
1BTC00702b,NORMAL_USER,1.0,90
1BTC00703a,NORMAL_USER,1.0,90
1BTC00704x,NORMAL_USER,1.0,90
1BTC00705x,NORMAL_USER,1.0,90
1BTC00706c,NORMAL_USER,1.0,90
1BTC00707y,NORMAL_USER,1.0,90
1BTC00708x,NORMAL_USER,1.0,90
1BTC00709x,NORMAL_USER,1.0,90
1BTC00710a,NORMAL_USER,1.0,90
1BTC00711b,NORMAL_USER,1.0,90
1BTC00712x,NORMAL_USER,1.0,90
1BTC00713x,NORMAL_USER,1.0,90
1BTC00714y,NORMAL_USER,1.0,90
1BTC00715z,NORMAL_USER,1.0,90
1BTC00716a,NORMAL_USER,1.0,90
1BTC00717y,NORMAL_USER,1.0,90
1BTC00718x,NORMAL_USER,1.0,90
1BTC00719x,NORMAL_USER,1.0,90
1BTC00720a,NORMAL_USER,1.0,90
1BTC00721c,NORMAL_USER,1.0,90
1BTC00722c,NORMAL_USER,1.0,90
1BTC00723x,NORMAL_USER,1.0,90
1BTC00724x,NORMAL_USER,1.0,90
1BTC00725y,NORMAL_USER,1.0,90
1BTC00726z,NORMAL_USER,1.0,90
1BTC00727z,NORMAL_USER,1.0,90
1BTC00728y,NORMAL_USER,1.0,90
1BTC00729y,NORMAL_USER,1.0,90
1BTC00730b,NORMAL_USER,1.0,90
1BTC00731x,NORMAL_USER,1.0,90
1BTC00732b,NORMAL_USER,1.0,90
1BTC00733c,NORMAL_USER,1.0,90
1BTC00734x,NORMAL_USER,1.0,90
1BTC00735x,NORMAL_USER,1.0,90
1BTC00736a,NORMAL_USER,1.0,90
1BTC00737x,NORMAL_USER,1.0,90
1BTC00738c,NORMAL_USER,1.0,90
1BTC00739z,NORMAL_USER,1.0,90
1BTC00740z,NORMAL_USER,1.0,90
1BTC00741x,NORMAL_USER,1.0,90
1BTC00742z,NORMAL_USER,1.0,90
1BTC00743b,NORMAL_USER,1.0,90
1BTC00744x,NORMAL_USER,1.0,90
1BTC00745b,NORMAL_USER,1.0,90
1BTC00746y,NORMAL_USER,1.0,90
1BTC00747y,NORMAL_USER,1.0,90
1BTC00748a,NORMAL_USER,1.0,90
1BTC00749x,NORMAL_USER,1.0,90
1BTC00750y,NORMAL_USER,1.0,90
1BTC00751y,NORMAL_USER,1.0,90
1BTC00752z,NORMAL_USER,1.0,90
1BTC00753a,NORMAL_USER,1.0,90
1BTC00754a,NORMAL_USER,1.0,90
1BTC00755z,NORMAL_USER,1.0,90
1BTC00756x,NORMAL_USER,1.0,90
1BTC00757b,NORMAL_USER,1.0,90
1BTC00758x,NORMAL_USER,1.0,90
1BTC00759b,NORMAL_USER,1.0,90
1BTC00760a,NORMAL_USER,1.0,90
1BTC00761c,NORMAL_USER,1.0,90
1BTC00762x,NORMAL_USER,1.0,90
1BTC00763c,NORMAL_USER,1.0,90
1BTC00764b,NORMAL_USER,1.0,90
1BTC00765x,NORMAL_USER,1.0,90
1BTC00766c,NORMAL_USER,1.0,90
1BTC00767c,NORMAL_USER,1.0,90
1BTC00768x,NORMAL_USER,1.0,90
1BTC00769c,NORMAL_USER,1.0,90
1BTC00770x,NORMAL_USER,1.0,90
1BTC00771c,NORMAL_USER,1.0,90
1BTC00772a,NORMAL_USER,1.0,90
1BTC00773x,NORMAL_USER,1.0,90
1BTC00774a,NORMAL_USER,1.0,90
1BTC00775z,NORMAL_USER,1.0,90
1BTC00776y,NORMAL_USER,1.0,90
1BTC00777a,NORMAL_USER,1.0,90
1BTC00778c,NORMAL_USER,1.0,90
1BTC00779b,NORMAL_USER,1.0,90
1BTC00780z,NORMAL_USER,1.0,90
1BTC00781a,NORMAL_USER,1.0,90
1BTC00782z,NORMAL_USER,1.0,90
1BTC00783a,NORMAL_USER,1.0,90
1BTC00784a,NORMAL_USER,1.0,90
1BTC00785b,NORMAL_USER,1.0,90
1BTC00786b,NORMAL_USER,1.0,90
1BTC00787a,NORMAL_USER,1.0,90
1BTC00788y,NORMAL_USER,1.0,90
1BTC00789b,NORMAL_USER,1.0,90
1BTC00790b,NORMAL_USER,1.0,90
1BTC00791b,NORMAL_USER,1.0,90
1BTC00792x,NORMAL_USER,1.0,90
1BTC00793z,NORMAL_USER,1.0,90
1BTC00794a,NORMAL_USER,1.0,90
1BTC00795y,NORMAL_USER,1.0,90
1BTC00796b,NORMAL_USER,1.0,90
1BTC00797x,NORMAL_USER,1.0,90
1BTC00798z,NORMAL_USER,1.0,90
1BTC00799c,NORMAL_USER,1.0,90
1BTC00800c,NORMAL_USER,1.0,90
1BTC00801b,NORMAL_USER,1.0,90
1BTC00802y,NORMAL_USER,1.0,90
1BTC00803y,NORMAL_USER,1.0,90
1BTC00804z,NORMAL_USER,1.0,90
1BTC00805z,NORMAL_USER,1.0,90
1BTC00806a,NORMAL_USER,1.0,90
1BTC00807b,NORMAL_USER,1.0,90
1BTC00808c,NORMAL_USER,1.0,90
1BTC00809a,NORMAL_USER,1.0,90
1BTC00810y,NORMAL_USER,1.0,90
1BTC00811a,NORMAL_USER,1.0,90
1BTC00812c,NORMAL_USER,1.0,90
1BTC00813y,NORMAL_USER,1.0,90
1BTC00814z,NORMAL_USER,1.0,90
1BTC00815x,NORMAL_USER,1.0,90
1BTC00816x,NORMAL_USER,1.0,90
1BTC00817z,NORMAL_USER,1.0,90
1BTC00818b,NORMAL_USER,1.0,90
1BTC00819a,NORMAL_USER,1.0,90
1BTC00820y,NORMAL_USER,1.0,90
1BTC00821z,NORMAL_USER,1.0,90
1BTC00822z,NORMAL_USER,1.0,90
1BTC00823b,NORMAL_USER,1.0,90
1BTC00824a,NORMAL_USER,1.0,90
1BTC00825z,NORMAL_USER,1.0,90
1BTC00826c,NORMAL_USER,1.0,90
1BTC00827z,NORMAL_USER,1.0,90
1BTC00828y,NORMAL_USER,1.0,90
1BTC00829a,NORMAL_USER,1.0,90
1BTC00830y,NORMAL_USER,1.0,90
1BTC00831a,NORMAL_USER,1.0,90
1BTC00832c,NORMAL_USER,1.0,90
1BTC00833y,NORMAL_USER,1.0,90
1BTC00834x,NORMAL_USER,1.0,90
1BTC00835z,NORMAL_USER,1.0,90
1BTC00836c,NORMAL_USER,1.0,90
1BTC00837a,NORMAL_USER,1.0,90
1BTC00838y,NORMAL_USER,1.0,90
1BTC00839z,NORMAL_USER,1.0,90
1BTC00840c,NORMAL_USER,1.0,90
1BTC00841a,NORMAL_USER,1.0,90
1BTC00842x,NORMAL_USER,1.0,90
1BTC00843x,NORMAL_USER,1.0,90
1BTC00844a,NORMAL_USER,1.0,90
1BTC00845x,NORMAL_USER,1.0,90
1BTC00846c,NORMAL_USER,1.0,90
1BTC00847z,NORMAL_USER,1.0,90
1BTC00848x,NORMAL_USER,1.0,90
1BTC00849z,NORMAL_USER,1.0,90
1BTC00850b,NORMAL_USER,1.0,90
1BTC00851x,NORMAL_USER,1.0,90
1BTC00852b,NORMAL_USER,1.0,90
1BTC00853z,NORMAL_USER,1.0,90
1BTC00854y,NORMAL_USER,1.0,90
1BTC00855z,NORMAL_USER,1.0,90
1BTC00856c,NORMAL_USER,1.0,90
1BTC00857y,NORMAL_USER,1.0,90
1BTC00858y,NORMAL_USER,1.0,90
1BTC00859x,NORMAL_USER,1.0,90
1BTC00860x,NORMAL_USER,1.0,90
1BTC00861x,NORMAL_USER,1.0,90
1BTC00862z,NORMAL_USER,1.0,90
1BTC00863y,NORMAL_USER,1.0,90
1BTC00864c,NORMAL_USER,1.0,90
1BTC00865c,NORMAL_USER,1.0,90
1BTC00866b,NORMAL_USER,1.0,90
1BTC00867a,NORMAL_USER,1.0,90
1BTC00868c,NORMAL_USER,1.0,90
1BTC00869x,NORMAL_USER,1.0,90
1BTC00870b,NORMAL_USER,1.0,90
1BTC00871x,NORMAL_USER,1.0,90
1BTC00872y,NORMAL_USER,1.0,90
1BTC00873y,NORMAL_USER,1.0,90
1BTC00874z,NORMAL_USER,1.0,90
1BTC00875x,NORMAL_USER,1.0,90
1BTC00876c,NORMAL_USER,1.0,90
1BTC00877a,NORMAL_USER,1.0,90
1BTC00878x,NORMAL_USER,1.0,90
1BTC00879c,NORMAL_USER,1.0,90
1BTC00880b,NORMAL_USER,1.0,90
1BTC00881x,NORMAL_USER,1.0,90
1BTC00882b,NORMAL_USER,1.0,90
1BTC00883c,NORMAL_USER,1.0,90
1BTC00884c,NORMAL_USER,1.0,90
1BTC00885c,NORMAL_USER,1.0,90
1BTC00886c,NORMAL_USER,1.0,90
1BTC00887y,NORMAL_USER,1.0,90
1BTC00888z,NORMAL_USER,1.0,90
1BTC00889c,NORMAL_USER,1.0,90
1BTC00890y,NORMAL_USER,1.0,90
1BTC00891a,NORMAL_USER,1.0,90
1BTC00892y,NORMAL_USER,1.0,90
1BTC00893b,NORMAL_USER,1.0,90
1BTC00894a,NORMAL_USER,1.0,90
1BTC00895b,NORMAL_USER,1.0,90
1BTC00896z,NORMAL_USER,1.0,90
1BTC00897x,NORMAL_USER,1.0,90
1BTC00898x,NORMAL_USER,1.0,90
1BTC00899y,NORMAL_USER,1.0,90
1BTC00900b,NORMAL_USER,1.0,90
1BTC00901z,NORMAL_USER,1.0,90
1BTC00902x,NORMAL_USER,1.0,90
1BTC00903z,NORMAL_USER,1.0,90
1BTC00904z,NORMAL_USER,1.0,90
1BTC00905x,NORMAL_USER,1.0,90
1BTC00906x,NORMAL_USER,1.0,90
1BTC00907a,NORMAL_USER,1.0,90
1BTC00908a,NORMAL_USER,1.0,90
1BTC00909c,NORMAL_USER,1.0,90
1BTC00910b,NORMAL_USER,1.0,90
1BTC00911x,NORMAL_USER,1.0,90
1BTC00912z,NORMAL_USER,1.0,90
1BTC00913b,NORMAL_USER,1.0,90
1BTC00914c,NORMAL_USER,1.0,90
1BTC00915z,NORMAL_USER,1.0,90
1BTC00916y,NORMAL_USER,1.0,90
1BTC00917c,NORMAL_USER,1.0,90
1BTC00918x,NORMAL_USER,1.0,90
1BTC00919y,NORMAL_USER,1.0,90
1BTC00920y,NORMAL_USER,1.0,90
1BTC00921c,NORMAL_USER,1.0,90
1BTC00922x,NORMAL_USER,1.0,90
1BTC00923z,NORMAL_USER,1.0,90
1BTC00924y,NORMAL_USER,1.0,90
1BTC00925c,NORMAL_USER,1.0,90
1BTC00926c,NORMAL_USER,1.0,90
1BTC00927z,NORMAL_USER,1.0,90
1BTC00928x,NORMAL_USER,1.0,90
1BTC00929c,NORMAL_USER,1.0,90
1BTC00930c,NORMAL_USER,1.0,90
1BTC00931c,NORMAL_USER,1.0,90
1BTC00932b,NORMAL_USER,1.0,90
1BTC00933a,NORMAL_USER,1.0,90
1BTC00934z,NORMAL_USER,1.0,90
1BTC00935b,NORMAL_USER,1.0,90
1BTC00936c,NORMAL_USER,1.0,90
1BTC00937a,NORMAL_USER,1.0,90
1BTC00938z,NORMAL_USER,1.0,90
1BTC00939y,NORMAL_USER,1.0,90
1BTC00940z,NORMAL_USER,1.0,90
1BTC00941b,NORMAL_USER,1.0,90
1BTC00942b,NORMAL_USER,1.0,90
1BTC00943b,NORMAL_USER,1.0,90
1BTC00944z,NORMAL_USER,1.0,90
1BTC00945x,NORMAL_USER,1.0,90
1BTC00946c,NORMAL_USER,1.0,90
1BTC00947z,NORMAL_USER,1.0,90
1BTC00948y,NORMAL_USER,1.0,90
1BTC00949y,NORMAL_USER,1.0,90
1BTC00950y,NORMAL_USER,1.0,90
1BTC00951c,NORMAL_USER,1.0,90
1BTC00952a,NORMAL_USER,1.0,90
1BTC00953b,NORMAL_USER,1.0,90
1BTC00954c,NORMAL_USER,1.0,90
1BTC00955b,NORMAL_USER,1.0,90
1BTC00956c,NORMAL_USER,1.0,90
1BTC00957b,NORMAL_USER,1.0,90
1BTC00958c,NORMAL_USER,1.0,90
1BTC00959a,NORMAL_USER,1.0,90
1BTC00960z,NORMAL_USER,1.0,90
1BTC00961y,NORMAL_USER,1.0,90
1BTC00962b,NORMAL_USER,1.0,90
1BTC00963c,NORMAL_USER,1.0,90
1BTC00964a,NORMAL_USER,1.0,90
1BTC00965a,NORMAL_USER,1.0,90
1BTC00966y,NORMAL_USER,1.0,90
1BTC00967c,NORMAL_USER,1.0,90
1BTC00968z,NORMAL_USER,1.0,90
1BTC00969b,NORMAL_USER,1.0,90
1BTC00970z,NORMAL_USER,1.0,90
1BTC00971x,NORMAL_USER,1.0,90
1BTC00972a,NORMAL_USER,1.0,90
1BTC00973a,NORMAL_USER,1.0,90
1BTC00974y,NORMAL_USER,1.0,90
1BTC00975c,NORMAL_USER,1.0,90
1BTC00976x,NORMAL_USER,1.0,90
1BTC00977x,NORMAL_USER,1.0,90
1BTC00978x,NORMAL_USER,1.0,90
1BTC00979c,NORMAL_USER,1.0,90
1BTC00980b,NORMAL_USER,1.0,90
1BTC00981a,NORMAL_USER,1.0,90
1BTC00982c,NORMAL_USER,1.0,90
1BTC00983x,NORMAL_USER,1.0,90
1BTC00984a,NORMAL_USER,1.0,90
1BTC00985a,NORMAL_USER,1.0,90
1BTC00986x,NORMAL_USER,1.0,90
1BTC00987x,NORMAL_USER,1.0,90
1BTC00988a,NORMAL_USER,1.0,90
1BTC00989y,NORMAL_USER,1.0,90
1BTC00990z,NORMAL_USER,1.0,90
1BTC00991z,NORMAL_USER,1.0,90
1BTC00992a,NORMAL_USER,1.0,90
1BTC00993b,NORMAL_USER,1.0,90
1BTC00994b,NORMAL_USER,1.0,90
1BTC00995y,NORMAL_USER,1.0,90
1BTC00996c,NORMAL_USER,1.0,90
1BTC00997a,NORMAL_USER,1.0,90
1BTC00998b,NORMAL_USER,1.0,90
1BTC00999a,NORMAL_USER,1.0,90
1BTC01000y,NORMAL_USER,1.0,90
1BTC01001x,NORMAL_USER,1.0,90
1BTC01002y,NORMAL_USER,1.0,90
1BTC01003y,NORMAL_USER,1.0,90
1BTC01004y,NORMAL_USER,1.0,90
1BTC01005b,NORMAL_USER,1.0,90
1BTC01006y,NORMAL_USER,1.0,90
1BTC01007x,NORMAL_USER,1.0,90
1BTC01008x,NORMAL_USER,1.0,90
1BTC01009x,NORMAL_USER,1.0,90
1BTC01010c,NORMAL_USER,1.0,90
1BTC01011y,NORMAL_USER,1.0,90
1BTC01012x,NORMAL_USER,1.0,90
1BTC01013c,NORMAL_USER,1.0,90
1BTC01014y,NORMAL_USER,1.0,90
1BTC01015y,NORMAL_USER,1.0,90
1BTC01016a,NORMAL_USER,1.0,90
1BTC01017y,NORMAL_USER,1.0,90
1BTC01018z,NORMAL_USER,1.0,90
1BTC01019a,NORMAL_USER,1.0,90
1BTC01020b,NORMAL_USER,1.0,90
1BTC01021z,NORMAL_USER,1.0,90
1BTC01022b,NORMAL_USER,1.0,90
1BTC01023c,NORMAL_USER,1.0,90
1BTC01024z,NORMAL_USER,1.0,90
1BTC01025a,NORMAL_USER,1.0,90
1BTC01026b,NORMAL_USER,1.0,90
1BTC01027b,NORMAL_USER,1.0,90
1BTC01028b,NORMAL_USER,1.0,90
1BTC01029y,NORMAL_USER,1.0,90
1BTC01030a,NORMAL_USER,1.0,90
1BTC01031b,NORMAL_USER,1.0,90
1BTC01032a,NORMAL_USER,1.0,90
1BTC01033x,NORMAL_USER,1.0,90
1BTC01034x,NORMAL_USER,1.0,90
1BTC01035z,NORMAL_USER,1.0,90
1BTC01036y,NORMAL_USER,1.0,90
1BTC01037x,NORMAL_USER,1.0,90
1BTC01038c,NORMAL_USER,1.0,90
1BTC01039a,NORMAL_USER,1.0,90
1BTC01040b,NORMAL_USER,1.0,90
1BTC01041c,NORMAL_USER,1.0,90
1BTC01042z,NORMAL_USER,1.0,90
1BTC01043c,NORMAL_USER,1.0,90
1BTC01044z,NORMAL_USER,1.0,90
1BTC01045x,NORMAL_USER,1.0,90
1BTC01046a,NORMAL_USER,1.0,90
1BTC01047z,NORMAL_USER,1.0,90
1BTC01048b,NORMAL_USER,1.0,90
1BTC01049c,NORMAL_USER,1.0,90
1BTC01050z,NORMAL_USER,1.0,90
1BTC01051y,NORMAL_USER,1.0,90
1BTC01052z,NORMAL_USER,1.0,90
1BTC01053b,NORMAL_USER,1.0,90
1BTC01054x,NORMAL_USER,1.0,90
1BTC01055a,NORMAL_USER,1.0,90
1BTC01056y,NORMAL_USER,1.0,90
1BTC01057b,NORMAL_USER,1.0,90
1BTC01058z,NORMAL_USER,1.0,90
1BTC01059b,NORMAL_USER,1.0,90
1BTC01060c,NORMAL_USER,1.0,90
1BTC01061b,NORMAL_USER,1.0,90
1BTC01062a,NORMAL_USER,1.0,90
1BTC01063a,NORMAL_USER,1.0,90
1BTC01064b,NORMAL_USER,1.0,90
1BTC01065c,NORMAL_USER,1.0,90
1BTC01066y,NORMAL_USER,1.0,90
1BTC01067z,NORMAL_USER,1.0,90
1BTC01068y,NORMAL_USER,1.0,90
1BTC01069c,NORMAL_USER,1.0,90
1BTC01070x,NORMAL_USER,1.0,90
1BTC01071a,NORMAL_USER,1.0,90
1BTC01072x,NORMAL_USER,1.0,90
1BTC01073z,NORMAL_USER,1.0,90
1BTC01074c,NORMAL_USER,1.0,90
1BTC01075z,NORMAL_USER,1.0,90
1BTC01076x,NORMAL_USER,1.0,90
1BTC01077c,NORMAL_USER,1.0,90
1BTC01078y,NORMAL_USER,1.0,90
1BTC01079y,NORMAL_USER,1.0,90
1BTC01080x,NORMAL_USER,1.0,90
1BTC01081x,NORMAL_USER,1.0,90
1BTC01082a,NORMAL_USER,1.0,90
1BTC01083y,NORMAL_USER,1.0,90
1BTC01084a,NORMAL_USER,1.0,90
1BTC01085x,NORMAL_USER,1.0,90
1BTC01086z,NORMAL_USER,1.0,90
1BTC01087c,NORMAL_USER,1.0,90
1BTC01088y,NORMAL_USER,1.0,90
1BTC01089c,NORMAL_USER,1.0,90
1BTC01090a,NORMAL_USER,1.0,90
1BTC01091a,NORMAL_USER,1.0,90
1BTC01092b,NORMAL_USER,1.0,90
1BTC01093z,NORMAL_USER,1.0,90
1BTC01094y,NORMAL_USER,1.0,90
1BTC01095y,NORMAL_USER,1.0,90
1BTC01096a,NORMAL_USER,1.0,90
1BTC01097z,NORMAL_USER,1.0,90
1BTC01098c,NORMAL_USER,1.0,90
1BTC01099y,NORMAL_USER,1.0,90
1BTC01100a,NORMAL_USER,1.0,90
1BTC01101b,NORMAL_USER,1.0,90
1BTC01102x,NORMAL_USER,1.0,90
1BTC01103y,NORMAL_USER,1.0,90
1BTC01104z,NORMAL_USER,1.0,90
1BTC01105x,NORMAL_USER,1.0,90
1BTC01106c,NORMAL_USER,1.0,90
1BTC01107b,NORMAL_USER,1.0,90
1BTC01108y,NORMAL_USER,1.0,90
1BTC01109x,NORMAL_USER,1.0,90
1BTC01110z,NORMAL_USER,1.0,90
1BTC01111x,NORMAL_USER,1.0,90
1BTC01112a,NORMAL_USER,1.0,90
1BTC01113x,NORMAL_USER,1.0,90
1BTC01114c,NORMAL_USER,1.0,90
1BTC01115x,NORMAL_USER,1.0,90
1BTC01116c,NORMAL_USER,1.0,90
1BTC01117c,NORMAL_USER,1.0,90
1BTC01118z,NORMAL_USER,1.0,90
1BTC01119a,NORMAL_USER,1.0,90
1BTC01120b,NORMAL_USER,1.0,90
1BTC01121c,NORMAL_USER,1.0,90
1BTC01122x,NORMAL_USER,1.0,90
1BTC01123z,NORMAL_USER,1.0,90
1BTC01124x,NORMAL_USER,1.0,90
1BTC01125c,NORMAL_USER,1.0,90
1BTC01126z,NORMAL_USER,1.0,90
1BTC01127x,NORMAL_USER,1.0,90
1BTC01128y,NORMAL_USER,1.0,90
1BTC01129a,NORMAL_USER,1.0,90
1BTC01130x,NORMAL_USER,1.0,90
1BTC01131a,NORMAL_USER,1.0,90
1BTC01132c,NORMAL_USER,1.0,90
1BTC01133c,NORMAL_USER,1.0,90
1BTC01134c,NORMAL_USER,1.0,90
1BTC01135a,NORMAL_USER,1.0,90
1BTC01136x,NORMAL_USER,1.0,90
1BTC01137y,NORMAL_USER,1.0,90
1BTC01138a,NORMAL_USER,1.0,90
1BTC01139z,NORMAL_USER,1.0,90
1BTC01140y,NORMAL_USER,1.0,90
1BTC01141x,NORMAL_USER,1.0,90
1BTC01142x,NORMAL_USER,1.0,90
1BTC01143a,NORMAL_USER,1.0,90
1BTC01144b,NORMAL_USER,1.0,90
1BTC01145y,NORMAL_USER,1.0,90
1BTC01146c,NORMAL_USER,1.0,90
1BTC01147y,NORMAL_USER,1.0,90
1BTC01148x,NORMAL_USER,1.0,90
1BTC01149z,NORMAL_USER,1.0,90
1BTC01150x,NORMAL_USER,1.0,90
1BTC01151a,NORMAL_USER,1.0,90
1BTC01152b,NORMAL_USER,1.0,90
1BTC01153c,NORMAL_USER,1.0,90
1BTC01154y,NORMAL_USER,1.0,90
1BTC01155b,NORMAL_USER,1.0,90
1BTC01156c,NORMAL_USER,1.0,90
1BTC01157x,NORMAL_USER,1.0,90
1BTC01158z,NORMAL_USER,1.0,90
1BTC01159x,NORMAL_USER,1.0,90
1BTC01160a,NORMAL_USER,1.0,90
1BTC01161a,NORMAL_USER,1.0,90
1BTC01162z,NORMAL_USER,1.0,90
1BTC01163y,NORMAL_USER,1.0,90
1BTC01164b,NORMAL_USER,1.0,90
1BTC01165z,NORMAL_USER,1.0,90
1BTC01166b,NORMAL_USER,1.0,90
1BTC01167c,NORMAL_USER,1.0,90
1BTC01168y,NORMAL_USER,1.0,90
1BTC01169a,NORMAL_USER,1.0,90
1BTC01170y,NORMAL_USER,1.0,90
1BTC01171x,NORMAL_USER,1.0,90
1BTC01172a,NORMAL_USER,1.0,90
1BTC01173b,NORMAL_USER,1.0,90
1BTC01174a,NORMAL_USER,1.0,90
1BTC01175x,NORMAL_USER,1.0,90
1BTC01176a,NORMAL_USER,1.0,90
1BTC01177z,NORMAL_USER,1.0,90
1BTC01178b,NORMAL_USER,1.0,90
1BTC01179x,NORMAL_USER,1.0,90
1BTC01180z,NORMAL_USER,1.0,90
1BTC01181c,NORMAL_USER,1.0,90
1BTC01182y,NORMAL_USER,1.0,90
1BTC01183z,NORMAL_USER,1.0,90
1BTC01184c,NORMAL_USER,1.0,90
1BTC01185x,NORMAL_USER,1.0,90
1BTC01186x,NORMAL_USER,1.0,90
1BTC01187x,NORMAL_USER,1.0,90
1BTC01188b,NORMAL_USER,1.0,90
1BTC01189x,NORMAL_USER,1.0,90
1BTC01190y,NORMAL_USER,1.0,90
1BTC01191b,NORMAL_USER,1.0,90
1BTC01192x,NORMAL_USER,1.0,90
1BTC01193b,NORMAL_USER,1.0,90
1BTC01194y,NORMAL_USER,1.0,90
1BTC01195y,NORMAL_USER,1.0,90
1BTC01196z,NORMAL_USER,1.0,90
1BTC01197b,NORMAL_USER,1.0,90
1BTC01198a,NORMAL_USER,1.0,90
1BTC01199c,NORMAL_USER,1.0,90
