txid,timestamp,input_addresses,output_addresses,input_amounts,output_amounts,fee,pattern_type
tx_normal_0001_aaaaaaaaaaaaaaaaaaaaaaaaaaaaaaaaaaaaaaaaaaaaaaaa,2026-01-15T12:00:00,['1NormUser1MainnetAddress111111111111'],"['1Merchant1StoreAddress222222222222', '1NormUser1ChangeAddress33333333333']",[1.5],"[0.45, 1.0498]",0.0002,NORMAL_P2P
tx_normal_0002_aaaaaaaaaaaaaaaaaaaaaaaaaaaaaaaaaaaaaaaaaaaaaaaa,2026-01-15T14:00:00,['1NormUser2MainnetAddress111111111111'],"['1Merchant2StoreAddress222222222222', '1NormUser2ChangeAddress33333333333']",[1.5],"[0.45, 1.0498]",0.0002,NORMAL_P2P
tx_normal_0003_aaaaaaaaaaaaaaaaaaaaaaaaaaaaaaaaaaaaaaaaaaaaaaaa,2026-01-15T16:00:00,['1NormUser3MainnetAddress111111111111'],"['1Merchant3StoreAddress222222222222', '1NormUser3ChangeAddress33333333333']",[1.5],"[0.45, 1.0498]",0.0002,NORMAL_P2P
tx_normal_0004_aaaaaaaaaaaaaaaaaaaaaaaaaaaaaaaaaaaaaaaaaaaaaaaa,2026-01-15T18:00:00,['1NormUser4MainnetAddress111111111111'],"['1Merchant4StoreAddress222222222222', '1NormUser4ChangeAddress33333333333']",[1.5],"[0.45, 1.0498]",0.0002,NORMAL_P2P
tx_normal_0005_aaaaaaaaaaaaaaaaaaaaaaaaaaaaaaaaaaaaaaaaaaaaaaaa,2026-01-15T20:00:00,['1NormUser5MainnetAddress111111111111'],"['1Merchant5StoreAddress222222222222', '1NormUser5ChangeAddress33333333333']",[1.5],"[0.45, 1.0498]",0.0002,NORMAL_P2P
tx_fanin_consolidation_0001_bbbbbbbbbbbbbbbbbbbbbbbbbbbbbbbbbbbbbbbb,2026-01-16T14:00:00,"['1ConsolSource01Addr11111111111111', '1ConsolSource02Addr11111111111111', '1ConsolSource03Addr11111111111111', '1ConsolSource04Addr11111111111111', '1ConsolSource05Addr11111111111111', '1ConsolSource06Addr11111111111111', '1ConsolSource07Addr11111111111111', '1ConsolSource08Addr11111111111111', '1ConsolSource09Addr11111111111111', '1ConsolSource10Addr11111111111111']",['1ConsolidationMasterVault9999999999'],"[0.25, 0.25, 0.25, 0.25, 0.25, 0.25, 0.25, 0.25, 0.25, 0.25]",[2.499],0.001,HIGH_FAN_IN
tx_fanout_dispersion_0001_cccccccccccccccccccccccccccccccccccccccccc,2026-01-16T18:00:00,['1DispersionSourceVault88888888888'],"['1DispersionTarget01Addr222222222222', '1DispersionTarget02Addr222222222222', '1DispersionTarget03Addr222222222222', '1DispersionTarget04Addr222222222222', '1DispersionTarget05Addr222222222222', '1DispersionTarget06Addr222222222222', '1DispersionTarget07Addr222222222222', '1DispersionTarget08Addr222222222222', '1DispersionTarget09Addr222222222222', '1DispersionTarget10Addr222222222222', '1DispersionTarget11Addr222222222222', '1DispersionTarget12Addr222222222222', '1DispersionTarget13Addr222222222222', '1DispersionTarget14Addr222222222222', '1DispersionTarget15Addr222222222222']",[2.255],"[0.15, 0.15, 0.15, 0.15, 0.15, 0.15, 0.15, 0.15, 0.15, 0.15, 0.15, 0.15, 0.15, 0.15, 0.15]",0.005,HIGH_FAN_OUT
tx_rapid_hop_01_dddddddddddddddddddddddddddddddddddddddddddddddd,2026-01-17T11:02:00,['1RapidRelayStartAddr000000000000'],['1RapidRelayHop01Addr33333333333333'],[5.0],[4.9995],0.0005,RAPID_MOVEMENT
tx_rapid_hop_02_dddddddddddddddddddddddddddddddddddddddddddddddd,2026-01-17T11:04:00,['1RapidRelayHop01Addr33333333333333'],['1RapidRelayHop02Addr33333333333333'],[4.9995],[4.9990000000000006],0.0005,RAPID_MOVEMENT
tx_rapid_hop_03_dddddddddddddddddddddddddddddddddddddddddddddddd,2026-01-17T11:06:00,['1RapidRelayHop02Addr33333333333333'],['1RapidRelayHop03Addr33333333333333'],[4.9990000000000006],[4.998500000000001],0.0005,RAPID_MOVEMENT
tx_rapid_hop_04_dddddddddddddddddddddddddddddddddddddddddddddddd,2026-01-17T11:08:00,['1RapidRelayHop03Addr33333333333333'],['1RapidRelayHop04Addr33333333333333'],[4.998500000000001],[4.998000000000001],0.0005,RAPID_MOVEMENT
tx_rapid_hop_05_dddddddddddddddddddddddddddddddddddddddddddddddd,2026-01-17T11:10:00,['1RapidRelayHop04Addr33333333333333'],['1RapidRelayHop05Addr33333333333333'],[4.998000000000001],[4.997500000000001],0.0005,RAPID_MOVEMENT
tx_peel_chain_step_01_eeeeeeeeeeeeeeeeeeeeeeeeeeeeeeeeeeeeeeeeeeee,2026-01-18T15:00:00,['1PeelChainOriginAddr111111111111'],"['1PeelPaymentDest01Addr44444444444', '1PeelChangeHop01Addr555555555555']",[20.0],"[0.5, 19.4997]",0.0003,PEEL_CHAIN
tx_peel_chain_step_02_eeeeeeeeeeeeeeeeeeeeeeeeeeeeeeeeeeeeeeeeeeee,2026-01-18T18:00:00,['1PeelChangeHop01Addr555555555555'],"['1PeelPaymentDest02Addr44444444444', '1PeelChangeHop02Addr555555555555']",[19.4997],"[0.5, 18.9994]",0.0003,PEEL_CHAIN
tx_peel_chain_step_03_eeeeeeeeeeeeeeeeeeeeeeeeeeeeeeeeeeeeeeeeeeee,2026-01-18T21:00:00,['1PeelChangeHop02Addr555555555555'],"['1PeelPaymentDest03Addr44444444444', '1PeelChangeHop03Addr555555555555']",[18.9994],"[0.5, 18.499100000000002]",0.0003,PEEL_CHAIN
tx_peel_chain_step_04_eeeeeeeeeeeeeeeeeeeeeeeeeeeeeeeeeeeeeeeeeeee,2026-01-19T00:00:00,['1PeelChangeHop03Addr555555555555'],"['1PeelPaymentDest04Addr44444444444', '1PeelChangeHop04Addr555555555555']",[18.499100000000002],"[0.5, 17.998800000000003]",0.0003,PEEL_CHAIN
tx_peel_chain_step_05_eeeeeeeeeeeeeeeeeeeeeeeeeeeeeeeeeeeeeeeeeeee,2026-01-19T03:00:00,['1PeelChangeHop04Addr555555555555'],"['1PeelPaymentDest05Addr44444444444', '1PeelChangeHop05Addr555555555555']",[17.998800000000003],"[0.5, 17.498500000000003]",0.0003,PEEL_CHAIN
tx_coinjoin_mixing_structure_0001_ffffffffffffffffffffffffffffffffff,2026-01-19T16:00:00,"['1MixParticipant01InAddr666666666666', '1MixParticipant02InAddr666666666666', '1MixParticipant03InAddr666666666666', '1MixParticipant04InAddr666666666666', '1MixParticipant05InAddr666666666666']","['1MixAnonymized01OutAddr77777777777', '1MixAnonymized02OutAddr77777777777', '1MixAnonymized03OutAddr77777777777', '1MixAnonymized04OutAddr77777777777', '1MixAnonymized05OutAddr77777777777']","[0.1002, 0.1002, 0.1002, 0.1002, 0.1002]","[0.1, 0.1, 0.1, 0.1, 0.1]",0.001,MIXING_LIKE_STRUCTURE
tx_dormant_initial_funding_0001_11111111111111111111111111111111111111,2025-06-09T10:00:00,['1OldMinerFundingPool00000000000000'],['1DormantWhaleColdWalletAddr8888888'],[50.0],[49.999],0.001,DORMANT_FUNDING
tx_dormant_sudden_activation_0002_2222222222222222222222222222222222222,2026-01-20T13:00:00,['1DormantWhaleColdWalletAddr8888888'],"['1SuddenRecipientOffshoreVault99999', '1DormantWhaleResidualChange0000000']",[49.999],"[40.0, 9.998]",0.001,DORMANT_ACTIVATION
tx_entity_cluster_co_spend_0001_33333333333333333333333333333333333333,2026-01-21T11:00:00,"['1ClusterA_HotWalletAddr1111111111111', '1ClusterA_DesktopClientAddr222222222', '1ClusterA_MobileWalletAddr3333333333']",['1ExchangeDepositBinanceGateway99999'],"[1.2, 0.8, 0.5]",[2.499],0.001,COMMON_INPUT_CLUSTER
